{"cameraMode":{"drawMode":0,"name":"Shaded","section":"Shading Mode"},"sceneLighting":true,"audioPlay":false,"sceneViewState":{"m_AlwaysRefresh":false,"showFog":true,"showSkybox":true,"showFlares":true,"showImageEffects":true,"showParticleSystems":true,"showVisualEffectGraphs":true,"m_FxEnabled":true},"in2DMode":false,"pivot":{"x":-0.7119801044464111,"y":1.7660553455352784,"z":2.2463784217834474},"rotation":{"x":-0.007376817520707846,"y":-0.43117856979370119,"z":-0.003525453619658947,"w":0.9022297859191895},"size":5.095808982849121,"orthographic":false}